폴더	파일	무엇인가	낱말수	첫낱말	썼나
100일의 기적	스크린샷 2026-08-29 오전 11.30.58.png	그림	0		안 씀
100일의 기적	스크린샷 2026-08-29 오전 11.31.53.png	그림	0		안 씀
100일의 기적	스크린샷 2026-08-29 오전 11.32.12.png	그림	0		안 씀
100일의 기적	스크린샷 2026-08-29 오전 11.32.25.png	그림	0		안 씀
100일의 기적	스크린샷 2026-08-29 오전 11.32.41.png	그림	0		안 씀
100일의 기적	스크린샷 2026-08-29 오전 11.33.56.png	그림	0		안 씀
100일의 기적	스크린샷 2026-08-29 오전 11.34.29.png	그림	0		안 씀
100일의 기적	스크린샷 2026-08-29 오전 11.35.09.png	그림	0		안 씀
100일의 기적	스크린샷 2026-08-29 오전 11.35.18.png	그림	0		안 씀
100일의 기적	스크린샷 2026-08-29 오전 11.35.55.png	그림	0		안 씀
100일의 기적	스크린샷 2026-08-29 오전 11.36.21.png	그림	0		안 씀
100일의 기적	스크린샷 2026-08-29 오전 11.36.59.png	그림	0		안 씀
100일의 기적	스크린샷 2026-08-29 오전 11.37.15.png	그림	0		안 씀
100일의 기적	스크린샷 2026-08-29 오전 11.37.29.png	그림	0		안 씀
100일의 기적	스크린샷 2026-08-29 오전 11.37.40.png	그림	0		안 씀
17기	(공란) 베트남어 단어시험 102회차.pdf	빈 시험지·낱말만	29	mặt bằng	일일 0
17기	(공란)베트남 단어시험 104차.pdf	낱말이 적음	0		안 씀
17기	(공란)베트남 단어시험 24차.xlsx	시험지·한글뜻	34	pair	일일 0
17기	(공란)베트남 단어시험 53차.xlsx	시험지·한글뜻	30	thương gia hẹp	일일 0
17기	(공란)베트남 단어시험 54차.pdf	낱말이 적음	0		안 씀
17기	(공란)베트남 단어시험 56차.pdf	낱말이 적음	0		안 씀
17기	(공란)베트남 단어시험 57차 (1).pdf	낱말이 적음	0		안 씀
17기	(공란)베트남 단어시험 57차.pdf	낱말이 적음	0		안 씀
17기	(공란)베트남 단어시험 60회차.pdf	낱말이 적음	0		안 씀
17기	(공란)베트남 단어시험 78차.pdf	낱말이 적음	0		안 씀
17기	(공란)베트남 단어시험 79차.pdf	낱말이 적음	1		안 씀
17기	(수정본)베트남 단어시험 87회차_답안.pdf	시험지·한글뜻	31	bổ nhiệm	일일 87
17기	TalkFile_(공란)베트남 단어시험 19차.xlsx.xlsx	시험지·한글뜻	30	thương gia hẹp	일일 0
17기	TalkFile_(답안)베트남 단어시험 19차.xlsx.xlsx	시험지·한글뜻	58	bắt dầu	일일 19
17기	TalkFile_베트남단어시험_20회차 공란.xlsx.xlsx	낱말이 적음	0		안 씀
17기	베트남 단어시험 104차.pdf	시험지·한글뜻	30	phù hợp cầu	일일 104
17기	베트남 단어시험 107회차(공란).pdf	낱말이 적음	0		안 씀
17기	베트남 단어시험 107회차.pdf	시험지·한글뜻	30	đảm bảo	일일 107
17기	베트남 단어시험 16차(공란).xlsx	시험지·한글뜻	30	thương gia hẹp	일일 0
17기	베트남 단어시험 17차(공란).pdf	낱말이 적음	1		안 씀
17기	베트남 단어시험 17차(답안).pdf	시험지·한글뜻	31	may	일일 17
17기	베트남 단어시험 24차.pdf	시험지·영어뜻	30	đen	일일 24
17기	베트남 단어시험 27차.pdf.pdf	시험지·한글뜻	30	ngày	일일 27
17기	베트남 단어시험 34회차 [ 답안].pdf	시험지·한글뜻	30	dạo này	일일 34
17기	베트남 단어시험 34회차 [공란].pdf	낱말이 적음	1		안 씀
17기	베트남 단어시험 38회차 공란본.pdf	낱말이 적음	0		안 씀
17기	베트남 단어시험 38회차 답안.pdf	시험지·낱말만	29	quán	일일 38
17기	베트남 단어시험 46회차(공란).pdf	낱말이 적음	0		안 씀
17기	베트남 단어시험 47회차 （공란）.pdf	낱말이 적음	1		안 씀
17기	베트남 단어시험 47회차.pdf	시험지·한글뜻	30	chán nản	일일 47
17기	베트남 단어시험 48차 (1) (1).pdf	시험지·한글뜻	31	mỹ thuật	일일 48
17기	베트남 단어시험 48차 (공란) (1).pdf	낱말이 적음	0		안 씀
17기	베트남 단어시험 49회차 공란.pdf	낱말이 적음	1		안 씀
17기	베트남 단어시험 51회차(공란).pdf	낱말이 적음	0		안 씀
17기	베트남 단어시험 51회차.pdf	시험지·한글뜻	31	một số	일일 51
17기	베트남 단어시험 53차.pdf	시험지·한글뜻	30	lớp trẻ	일일 53
17기	베트남 단어시험 54차.pdf	시험지·한글뜻	30	nhiệt độ	일일 54
17기	베트남 단어시험 55차.pdf	시험지·영어뜻	29	hệ thống tế	일일 55
17기	베트남 단어시험 56차.pdf	시험지·한글뜻	30	động viên	일일 56
17기	베트남 단어시험 58차.pdf	시험지·한글뜻	30	nạn	일일 58
17기	베트남 단어시험 59차.pdf	시험지·한글뜻	31	vải	일일 59
17기	베트남 단어시험 60회차.pdf	시험지·한글뜻	30	Áo khoác	일일 60
17기	베트남 단어시험 65회차 공란.pdf	낱말이 적음	4		안 씀
17기	베트남 단어시험 65회차 답안.pdf	시험지·한글뜻	34	lên	일일 65
17기	베트남 단어시험 65회차 답안.xlsx	시험지·한글뜻	30	nhanh lên	일일 65
17기	베트남 단어시험 73회차(공란).pdf	낱말이 적음	0		안 씀
17기	베트남 단어시험 73회차.pdf	시험지·한글뜻	31	tập quán	일일 73
17기	베트남 단어시험 74회차(문제지).pdf	낱말이 적음	1		안 씀
17기	베트남 단어시험 74회차.pdf	시험지·한글뜻	31	sản phụ	일일 74
17기	베트남 단어시험 75회차 (공란).pdf	낱말이 적음	0		안 씀
17기	베트남 단어시험 75회차.pdf	시험지·한글뜻	65	tác phẩm để đòi	일일 75
17기	베트남 단어시험 76회차(공란).pdf	낱말이 적음	0		안 씀
17기	베트남 단어시험 76회차.pdf	시험지·한글뜻	30	Nôn	일일 76
17기	베트남 단어시험 78차.pdf	시험지·한글뜻	30	ngưỡng mộ	일일 78
17기	베트남 단어시험 79차.pdf	시험지·한글뜻	64	chính trị	일일 79
17기	베트남 단어시험 82차(공란).xlsx	낱말이 적음	0		안 씀
17기	베트남 단어시험 82차.xlsx	시험지·한글뜻	30	nhà tuyển dụng	일일 82
17기	베트남 단어시험 83차(공란).pdf	낱말이 적음	0		안 씀
17기	베트남 단어시험 83차.pdf	시험지·한글뜻	30	phim	일일 83
17기	베트남 단어시험 84회차.pdf	시험지·낱말만	30	Phó giám đốc	일일 84
17기	베트남 단어시험 85회차_공란.pdf	낱말이 적음	0		안 씀
17기	베트남 단어시험 87회차_공란.pdf	낱말이 적음	1		안 씀
17기	베트남 단어시험 91차＿공란.PDF	낱말이 적음	0		안 씀
17기	베트남 단어시험 91차＿답안.PDF	시험지·낱말만	30	quầy hướng dẫn	일일 91
17기	베트남 단어시험 96차(공란).pdf	낱말이 적음	0		안 씀
17기	베트남 단어시험 96차(답안).pdf	시험지·낱말만	31	thư	일일 96
17기	베트남 단어시험 97회차(공란).pdf	낱말이 적음	0		안 씀
17기	베트남 단어시험 97회차.pdf	시험지·한글뜻	30	bạn thên	일일 97
17기	베트남 단어시험-36회차 _공란.pdf	낱말이 적음	2		안 씀
17기	베트남 단어시험-36회차 _답안.pdf	시험지·한글뜻	31	họ và tên	일일 36
17기	베트남 단어시험-36회차 _답안.xlsx	시험지·한글뜻	30	họ và tên	일일 36
17기	베트남 단어시험_111회차 _공란.pdf	낱말이 적음	0		안 씀
17기	베트남 단어시험_111회차 _답안.pdf	시험지·한글뜻	33	phân biệt	일일 111
17기	베트남 단어시험_111회차 _답안.xlsx	시험지·한글뜻	20	phân biệt	일일 111
17기	베트남 단어시험_28회차.pdf	시험지·한글뜻	29	hoạt động	일일 28
17기	베트남 단어시험_41회차_공란.pdf	낱말이 적음	0		안 씀
17기	베트남 단어시험_90회차 _공란.pdf	낱말이 적음	4		안 씀
17기	베트남 단어시험_90회차 _답안.pdf	시험지·한글뜻	34	dạy này	일일 90
17기	베트남 단어시험_90회차 _답안.xlsx	시험지·한글뜻	20	dạy này	일일 90
17기	베트남 단어시험_92회차 _공란.pdf	낱말이 적음	0		안 씀
17기	베트남 단어시험_92회차 _답안.pdf	시험지·한글뜻	30	hóa đơn đỏ	일일 92
17기	베트남 단어시험_98회차 (공란).pdf	시험지·한글뜻	56	Kiểm tiếng Việt hà	일일 0
17기	베트남 단어시험_98회차 (답안).pdf	시험지·한글뜻	32	vực	일일 98
17기	베트남 단어시험－35회차－ 공란＿v2.PDF	낱말이 적음	2		안 씀
17기	베트남 단어시험－35회차－ 답안＿v2.PDF	시험지·한글뜻	31	sân	일일 35
17기	베트남 단어시험＿110회차.PDF	시험지·한글뜻	29	xử lí	일일 110
17기	베트남 단어시험＿110회차＿공란.PDF	낱말이 적음	0		안 씀
17기	베트남단어시험_109회차.xlsx	시험지·한글뜻	30	vay tiền	일일 109
17기	베트남단어시험_109회차_공란.pdf	낱말이 적음	0		안 씀
17기	베트남단어시험_20회차.xlsx	시험지·한글뜻	20	đi	일일 20
17기	베트남단어시험_21회차(공란).pdf	베트남어 아님	6		일일 0
17기	베트남단어시험_21회차.pdf	시험지·낱말만	35	sang	일일 21
17기	베트남단어시험_40회차 - 공란.pdf	낱말이 적음	2		안 씀
17기	베트남단어시험_40회차.pdf	시험지·한글뜻	33	hết	일일 40
17기	베트남단어시험_69회차 - 공란.pdf	낱말이 적음	0		안 씀
17기	베트남단어시험_69회차.pdf	시험지·한글뜻	30	thành phố	일일 69
17기	베트남단어시험_89회차.xlsx	시험지·한글뜻	30	treo	일일 89
17기	베트남단어시험_89회차_공란.xlsx	낱말이 적음	0		안 씀
17기	베트남단어시험_93회차 - 공란.pdf	낱말이 적음	1		안 씀
17기	베트남단어시험_93회차.pdf	시험지·한글뜻	30	máy	일일 93
17기	베트남단어시험＿22회차.pdf	시험지·한글뜻	30	tham	일일 22
17기	베트남단어시험＿22회차（공란）.pdf	낱말이 적음	0		안 씀
17기	베트남반 단어시험 13회차.pdf	시험지·낱말만	30	uống	일일 13
17기	베트남반 단어시험 14회차(공란).pdf	낱말이 적음	0		안 씀
17기	베트남반 단어시험 14회차.pdf	시험지·한글뜻	30	câu cá	일일 14
17기	베트남반 단어시험 15회차(공란).pdf	낱말이 적음	2		안 씀
17기	베트남반 단어시험 15회차.pdf	시험지·낱말만	30	ăn tối	일일 15
17기	베트남반 단어시험 18차（공란）.pdf	낱말이 적음	2		안 씀
17기	베트남반 단어시험 18차（답안）.pdf	시험지·한글뜻	27	ngoại ngữ	일일 18
17기	베트남반 단어시험 29회차 (수정).pdf	시험지·한글뜻	30	giờ nào lúc nào	일일 29
17기	베트남반 단어시험 30회차.pdf	시험지·한글뜻	29	nhập	일일 30
17기	베트남반 단어시험 43회차(공란).pdf	낱말이 적음	0		안 씀
17기	베트남반 단어시험 43회차(수정).pdf	시험지·한글뜻	30	hồ	일일 43
17기	베트남반 단어시험 44회차.pdf	시험지·낱말만	28	Phòng ngủ	일일 44
17기	베트남반 단어시험 45회차(공란).pdf	베트남어 아님	6		일일 0
17기	베트남반 단어시험 45회차.pdf	시험지·한글뜻	31	tự ĐT	일일 45
17기	베트남시험 72회차(공란).pdf	낱말이 적음	0		안 씀
17기	베트남시험 72회차.pdf	시험지·낱말만	32	nếu không thì	일일 72
17기	베트남어 12일차_단어시험 공란.xlsx.xlsx	모음집(회차 없음)·한글뜻	30	thương gia hẹp	일일 0
17기	베트남어 1회차 단어시험.pdf	시험지·한글뜻	33	Anh	일일 1
17기	베트남어 2회차 단어시험.pdf	시험지·한글뜻	30	Vẫn	일일 2
17기	베트남어 32회차 단어시험(공란).pdf	낱말이 적음	0		안 씀
17기	베트남어 32회차 단어시험.pdf	시험지·한글뜻	30	chuyển nhà	일일 32
17기	베트남어 33회차 단어시험(공란).pdf	낱말이 적음	3		안 씀
17기	베트남어 33회차 단어시험-수정.pdf	시험지·한글뜻	31	mũ	일일 33
17기	베트남어 3회차 단어시험.pdf	시험지·한글뜻	33	sữa	일일 3
17기	베트남어 4회차 단어시험.pdf	시험지·한글뜻	30	Bình	일일 4
17기	베트남어 5회차 단어시험.pdf	시험지·한글뜻	30	kỹ sư	일일 5
17기	베트남어 61회차 단어시험.pdf	시험지·한글뜻	30	không khí	일일 61
17기	베트남어 62회차 단어시험 (공란)-수정본.pdf	낱말이 적음	2		안 씀
17기	베트남어 62회차 단어시험_수정본.pdf	시험지·한글뜻	36	Đội	일일 62
17기	베트남어 63회차 단어시험 - 공란.pdf	낱말이 적음	0		안 씀
17기	베트남어 64회차 단어시험-공란.pdf	낱말이 적음	0		안 씀
17기	베트남어 64회차 단어시험.pdf	시험지·한글뜻	31	thông	일일 64
17기	베트남어 66회차 단어시험.PDF	시험지·한글뜻	32	chợ	일일 66
17기	베트남어 66회차 단어시험＿공란.PDF	낱말이 적음	1		안 씀
17기	베트남어 67회차 단어시험 공란.pdf	낱말이 적음	0		안 씀
17기	베트남어 67회차 단어시험.pdf	시험지·낱말만	30	thủ đô	일일 67
17기	베트남어 6회차 단어시험.pdf	시험지·한글뜻	37	Hàn ố	일일 6
17기	베트남어 86회차 단어시험.pdf	시험지·한글뜻	38	lương thực	일일 86
17기	베트남어 86회차 단어시험_문제.pdf	시험지·한글뜻	8	cô	일일 0
17기	베트남어 단어시험 103회차(공란).pdf	낱말이 적음	0		안 씀
17기	베트남어 단어시험 103회차.pdf	시험지·낱말만	30	doanh	일일 103
17기	베트남어 단어시험 25차 (공란).pdf	낱말이 적음	0		안 씀
17기	베트남어 단어시험 25차.pdf	시험지·한글뜻	30	đình	일일 25
17기	베트남어 단어시험 26차.pdf	시험지·한글뜻	29	xem	일일 26
17기	베트남어 단어시험 42회차-공란.pdf	낱말이 적음	1		안 씀
17기	베트남어 단어시험 42회차.pdf	시험지·낱말만	31	thành phần	일일 42
17기	베트남어 단어시험 50회차 - 공란.pdf	낱말이 적음	0		안 씀
17기	베트남어 단어시험 50회차.pdf	시험지·낱말만	30	mặt	일일 50
17기	베트남어 단어시험 71회차 (공란).pdf	낱말이 적음	0		안 씀
17기	베트남어 단어시험 71회차.pdf	시험지·낱말만	29	bí quyết	일일 71
17기	베트남어 단어시험 77회차 - 뜻 풀이 공란.pdf	빈 시험지·낱말만	30	Chính xác	일일 0
17기	베트남어 단어시험 77회차 - 베트남어 공란.pdf	낱말이 적음	0		안 씀
17기	베트남어 단어시험 77회차.pdf	시험지·낱말만	30	Chính xác	일일 77
17기	베트남어 단어시험 81회차 시험지.pdf	시험지·영어뜻	6	Cô ấy làm nhân viê	일일 81
17기	베트남어 단어시험 81회차.pdf	시험지·한글뜻	36	đợi	일일 81
17기	베트남어 단어시험 95회차 공란.pdf	낱말이 적음	0		안 씀
17기	베트남어 단어시험 95회차.pdf	시험지·영어뜻	30	Không quá lời nói~	일일 95
17기	베트남어 단어시험 99회차 _ 공란.pdf	낱말이 적음	0		안 씀
17기	베트남어 단어시험 99회차.pdf	시험지·한글뜻	30	vốn	일일 99
17기	베트남어 단어시험_10차(학습용).pdf	낱말이 적음	3		안 씀
17기	베트남어 단어시험_10차.pdf	시험지·한글뜻	33	Gần	일일 10
17기	베트남어 단어시험_11차.pdf	시험지·낱말만	36	Mươi lăm	일일 11
17기	베트남어 단어시험_11차_공란.xlsx	시험지·한글뜻	30	thương gia hẹp	일일 0
17기	베트남어 단어시험_12차(수정).pdf.pdf	시험지·낱말만	29	Bằng	일일 12
17기	베트남어 단어시험_39차(답안지).pdf	낱말이 적음	1		안 씀
17기	베트남어 단어시험_39차.pdf	시험지·한글뜻	30	nghèo nàn	일일 39
17기	베트남어 단어시험_68차(공란).pdf	낱말이 적음	0		안 씀
17기	베트남어 단어시험_68차.pdf	시험지·한글뜻	30	hồi đó	일일 68
17기	베트남어 단어시험_7차 (자습용).xlsx	시험지·한글뜻	32	TV	일일 7
17기	베트남어 단어시험_7차 (출력용).pdf	시험지·한글뜻	30	cái nhà	일일 7
17기	베트남어 단어시험_7차.xlsx	시험지·한글뜻	60	cái nhà	일일 7
17기	베트남어 단어시험_80차.pdf	시험지·한글뜻	31	thể loại	일일 80
17기	베트남어 단어시험_80차_공란.pdf	낱말이 적음	2		안 씀
17기	베트남어 단어시험_8차 공란.pdf	낱말이 적음	0		안 씀
17기	베트남어 단어시험_8차.pdf	시험지·한글뜻	30	nước	일일 8
17기	베트남어 단어시험_94회차.pdf	시험지·한글뜻	30	hơi	일일 94
17기	베트남어 단어시험_94회차_공란.pdf	낱말이 적음	0		안 씀
17기	베트남어 단어시험_9차 공란.xlsx	시험지·한글뜻	30	thương gia hẹp	일일 0
17기	베트남어 단어시험_9차.pdf	시험지·낱말만	30	già	일일 9
17기	베트남어 단어시험＿37회차＿공란.PDF	낱말이 적음	0		안 씀
17기	베트남어 단어시험＿37회차＿답안.PDF	시험지·한글뜻	30	chuyến thắng	일일 37
17기	베트남어단어시험_70회차.pdf.pdf	시험지·한글뜻	33	Chyên	일일 70
17기	베트남어단어시험_70회차_공란.pdf.pdf	낱말이 적음	0		안 씀
17기	베트남어반 단어시험 31회차 공란.pdf	낱말이 적음	0		안 씀
17기	베트남어반 단어시험 31회차.pdf	시험지·한글뜻	30	dạo này	일일 31
17기	베트남어반 단어시험 44회차(공란).pdf	낱말이 적음	0		안 씀
17기	（공란）베트남 단어시험 23차.xlsx	시험지·한글뜻	31	kg	일일 0
17기	（공란）베트남 단어시험 58차.pdf	낱말이 적음	0		안 씀
17기	（답안）베트남 단어시험 52차..pdf	시험지·한글뜻	30	mặc dù	일일 52
17기	（답안）베트남＿단어시험＿23회차－1.pdf	시험지·한글뜻	29	ngọt	일일 23
18기	(공란) 베트남_15차 단어시험.pdf	낱말이 적음	2		안 씀
18기	(공란) 베트남_16차 단어시험.pdf	베트남어 아님	26		안 씀
18기	(공란) 베트남_26차 단어시험.pdf	낱말이 적음	0		안 씀
18기	(공란)52회차_18기단어시험_베트남_250326.pdf	낱말이 적음	0		안 씀
18기	(공란)53회차_18기단어시험_베트남_250327.pdf	낱말이 적음	1		안 씀
18기	(공란)61회차_18기단어시험_베트남.pdf	낱말이 적음	0		안 씀
18기	(공란)단어시험_18기_베트남_250310.pdf	낱말이 적음	0		안 씀
18기	(공란)베트남 단어시험 13회차.pdf	베트남어 아님	29		안 씀
18기	(공란)베트남 단어시험 23회차.pdf	낱말이 적음	4		안 씀
18기	(공란)베트남 단어시험 33회차.pdf	베트남어 아님	9		일일 0
18기	(공란)베트남 단어시험 3회차.pdf	베트남어 아님	28		안 씀
18기	(공란)베트남_43회차 단어시험_25.03.11.pdf	낱말이 적음	0		안 씀
18기	(공부)토요단어시험_250614.pdf	모음집(회차 없음)·한글뜻	22	biểu hiện bằng các	주간 614
18기	(단어)25회차 단어시험_25.02.06.pdf	시험지·낱말만	30	về hưu nghỉ hưu	일일 25
18기	(답안) 베트남 단어시험 89회차.pdf	시험지·낱말만	30	biểu hiện	일일 89
18기	(답안)18기_베트남 단어시험 103회차.pdf	시험지·한글뜻	30	phí mặt bằng	일일 103
18기	(답안)18기_베트남 단어시험 94회차.pdf	시험지·한글뜻	30	người có tâm hồn ă	일일 94
18기	(답안)18기_베트남 단어시험 98회차.pdf	시험지·한글뜻	30	phí cố định	일일 98
18기	(답안)45회 단어시험_03.13.pdf	시험지·낱말만	30	thiếu	일일 45
18기	(답안)71회 단어시험_05.06.pdf	시험지·한글뜻	30	Bí quyết	일일 71
18기	(답안)_단어시험 77회차_2025.05.15.pdf	시험지·한글뜻	30	hân hạnh	일일 77
18기	(답안)단어시험 82회차_2025.05.26.pdf	시험지·한글뜻	31	hoà hợp	일일 82
18기	(답안)베트남_35회차 단어시험_25.02.25.pdf	시험지·낱말만	31	nhờ	일일 35
18기	(답안)베트남_35회차 단어시험_25.02.25.xlsx	시험지·한글뜻	30	nhờ	일일 35
18기	(답안)베트남_43회차 단어시험_25.03.11.pdf	시험지·한글뜻	31	Chủ nhà	일일 43
18기	(답안)베트남_43회차 단어시험_25.03.11.xlsx	시험지·한글뜻	20	Chủ nhà	일일 43
18기	(문제) 베트남 단어시험 89회차.pdf	낱말이 적음	0		안 씀
18기	(문제)18기_베트남 단어시험 103회차.pdf	낱말이 적음	1		안 씀
18기	(문제)18기_베트남 단어시험 94회차.pdf	낱말이 적음	0		안 씀
18기	(문제)18기_베트남 단어시험 98회차.pdf	낱말이 적음	1		안 씀
18기	(문제)25회차 단어시험_25.02.06.pdf	낱말이 적음	0		안 씀
18기	(문제)45회 단어시험_03.13.pdf	낱말이 적음	0		안 씀
18기	(문제)71회 단어시험_05.06.pdf	낱말이 적음	0		안 씀
18기	(문제)_단어시험 77회차_2025.05.15.pdf	낱말이 적음	2		안 씀
18기	(문제)단어시험 82회차_2025.05.26.pdf	낱말이 적음	0		안 씀
18기	(문제)베트남_35회차 단어시험_25.02.25.pdf	낱말이 적음	2		안 씀
18기	(베트남반)03.08_복습 단어시험.pdf	모음집(회차 없음)·한글뜻	20	dịp làng Điểm tốt	주간 0
18기	(암기용)토요단어시험_0628.pdf	모음집(회차 없음)·한글뜻	20	bị mất trí xà phòn	주간 0
18기	0107_시험_답지.pdf	모음집(회차 없음)·한글뜻	27	đông Tiền mặt biết	일일 107
18기	0118_복습시험.xlsx	모음집(회차 없음)·낱말만	20	đông Tiền mặt biết	주간 118
18기	0118_복습시험_답지.xlsx	모음집(회차 없음)·한글뜻	20	đông Tiền mặt biết	주간 118
18기	0125_토요일 아침 복습 단어시험(답지).pdf	모음집(회차 없음)·한글뜻	21	bắt đầu kết thúc t	주간 125
18기	02.21_복습 단어시험_시험.pdf	모음집(회차 없음)·한글뜻	21	trên thực tế Khó c	주간 0
18기	0215_복습시험 (1).pdf	모음집(회차 없음)·한글뜻	29	lúc vào thôi năm n	주간 215
18기	0215_복습시험 (2).pdf	모음집(회차 없음)·한글뜻	29	lúc vào thôi năm n	주간 215
18기	0215_복습시험.pdf	모음집(회차 없음)·낱말만	29	lúc vào thôi năm n	주간 215
18기	03.01_복습 단어시험_시험.pdf	모음집(회차 없음)·한글뜻	20	cần đón bạn đơn tr	주간 0
18기	03.08_복습 단어시험.pdf	모음집(회차 없음)·한글뜻	20	dịp làng Điểm tốt	주간 0
18기	05.10_복습 단어시험.pdf	모음집(회차 없음)·한글뜻	20	lộn xộn Bí quyết t	주간 0
18기	05.10_복습 단어시험.xlsx	모음집(회차 없음)·한글뜻	20	lộn xộn Bí quyết v	주간 0
18기	05.17_복습 단어시험.pdf	모음집(회차 없음)·한글뜻	41	trường hợp Lãnh đạ	주간 0
18기	05.23 주간복습 단어시험 (공란).pdf	베트남어 아님	20		안 씀
18기	05.23 주간복습 단어시험.pdf	베트남어 아님	21		안 씀
18기	06.21_복습 단어시험.xlsx	모음집(회차 없음)·한글뜻	20	quá trình người có	주간 0
18기	18기 단어시험 101회차 문제.pdf	낱말이 적음	0		안 씀
18기	18기 단어시험 101회차.pdf	시험지·한글뜻	30	bắt	일일 101
18기	18기 단어시험 101회차.xlsx	시험지·한글뜻	60	bắt tay	일일 101
18기	18기 단어시험 18회차 공란.pdf	낱말이 적음	3		안 씀
18기	18기 단어시험 18회차 정답.pdf	시험지·낱말만	31	kết thúc	일일 18
18기	18기 단어시험 18회차 정답.xlsx	시험지·한글뜻	20	kết thúc	일일 18
18기	18기 단어시험 28회차 정답.pdf	시험지·한글뜻	31	kịp	일일 28
18기	18기 단어시험 28회차.pdf	스캔 그림(글자층 없음)	0		안 씀
18기	18기 단어시험 28회차.xlsx	시험지·한글뜻	20	kịp	일일 28
18기	18기 단어시험 38회차 답안.pdf	시험지·한글뜻	30	dịp	일일 38
18기	18기 단어시험 38회차.pdf	낱말이 적음	1		안 씀
18기	18기 단어시험 38회차.xlsx	시험지·한글뜻	20	dịp	일일 38
18기	18기 단어시험 48회차 답안.pdf	시험지·한글뜻	30	lịch học	일일 48
18기	18기 단어시험 48회차.pdf	낱말이 적음	0		안 씀
18기	18기 단어시험 48회차.xlsx	시험지·한글뜻	20	lịch học	일일 48
18기	18기 단어시험 58회차 답안.pdf	시험지·한글뜻	30	mổ	일일 58
18기	18기 단어시험 58회차.pdf	낱말이 적음	0		안 씀
18기	18기 단어시험 58회차.xlsx	시험지·한글뜻	20	mổ	일일 58
18기	18기 단어시험 67회차 답안.pdf	시험지·한글뜻	30	bán xỉ	일일 67
18기	18기 단어시험 67회차.pdf	낱말이 적음	0		안 씀
18기	18기 단어시험 67회차.xlsx	시험지·한글뜻	30	bán xỉ	일일 67
18기	18기 단어시험 75회차 답안.pdf	시험지·한글뜻	30	Lãnh đạo	일일 75
18기	18기 단어시험 75회차.pdf	낱말이 적음	0		안 씀
18기	18기 단어시험 75회차.xlsx	시험지·한글뜻	30	Lãnh đạo	일일 75
18기	18기 단어시험 76회차 문제.pdf	낱말이 적음	0		안 씀
18기	18기 단어시험 76회차 정답.pdf	시험지·한글뜻	30	Tựgiới thiệu	일일 76
18기	18기 단어시험 80회차 câu hỏi.pdf	낱말이 적음	0		안 씀
18기	18기 단어시험 80회차 đáp án.pdf	시험지·한글뜻	30	hữu ích	일일 80
18기	18기 단어시험 80회차.xlsx	시험지·한글뜻	30	hữu ích	일일 80
18기	18기 단어시험 86회차 답안.pdf	시험지·한글뜻	30	thánh	일일 86
18기	18기 단어시험 86회차 문제.pdf	낱말이 적음	0		안 씀
18기	18기 단어시험 88회차 답지.pdf	시험지·한글뜻	31	dám	일일 88
18기	18기 단어시험 88회차 시험지.pdf	낱말이 적음	1		안 씀
18기	18기 단어시험 88회차.xlsx	시험지·한글뜻	60	dám	일일 88
18기	18기 단어시험 91회차.xlsx	시험지·한글뜻	60	trả chậm	일일 91
18기	18기 단어시험 93회차 답안.pdf	시험지·영어뜻	30	quá trình	일일 93
18기	18기 단어시험 93회차 문제.pdf	낱말이 적음	0		안 씀
18기	18기 단어시험 96회차 답안.pdf	시험지·한글뜻	32	bị mất trí	일일 96
18기	18기 단어시험 96회차 시험지.pdf	낱말이 적음	2		안 씀
18기	18기 단어시험 96회차.xlsx	시험지·한글뜻	60	bị mất trí	일일 96
18기	18기 베트남반 단어시험 24회차(공란).pdf	낱말이 적음	0		안 씀
18기	18기 베트남반 단어시험 24회차.pdf	시험지·영어뜻	30	Bà nội	일일 24
18기	18기_베트남 단어시험 100회차.pdf	시험지·한글뜻	31	tẩy	일일 100
18기	18기_베트남 단어시험 100회차.xlsx	시험지·한글뜻	20	tẩy chay	일일 100
18기	18기_베트남 단어시험 100회차_공란.pdf	낱말이 적음	0		안 씀
18기	18기_베트남 단어시험 102회차(답안).pdf	낱말이 적음	0		안 씀
18기	18기_베트남 단어시험 102회차(문제).pdf	시험지·한글뜻	30	thu	일일 0
18기	18기_베트남 단어시험 102회차.xlsx	시험지·한글뜻	100	10 ngàn cây (số)	일일 102
18기	18기_베트남 단어시험 103회차.xlsx	시험지·한글뜻	30	chi phí mặt bằng	일일 103
18기	18기_베트남 단어시험 17회차 공란.pdf	낱말이 적음	1		안 씀
18기	18기_베트남 단어시험 17회차(수정).xlsx	시험지·한글뜻	17	tồi lắm	일일 17
18기	18기_베트남 단어시험 19회차 공란.pdf	베트남어 아님	20		안 씀
18기	18기_베트남 단어시험 19회차.pdf	시험지·한글뜻	31	bắt đầu	일일 19
18기	18기_베트남 단어시험 21회차(공란)_2025-01-23.pdf	베트남어 아님	18		안 씀
18기	18기_베트남 단어시험 21회차(정답)_2025-01-23.pdf	시험지·영어뜻	30	thấy	일일 21
18기	18기_베트남 단어시험 27회차 공란.pdf	낱말이 적음	2		안 씀
18기	18기_베트남 단어시험 27회차 정답.pdf	시험지·한글뜻	32	bị hỏng	일일 27
18기	18기_베트남 단어시험 27회차.xlsx	시험지·한글뜻	21	to miss an appoint	일일 27
18기	18기_베트남 단어시험 29회차.pdf	시험지·한글뜻	30	lúc vào	일일 29
18기	18기_베트남 단어시험 29회차_공란.pdf	낱말이 적음	0		안 씀
18기	18기_베트남 단어시험 31회차_2025-02-18_(공란).pdf	낱말이 적음	0		안 씀
18기	18기_베트남 단어시험 31회차_2025-02-18_(정답).pdf	시험지·한글뜻	30	đầu tuần	일일 31
18기	18기_베트남 단어시험 37회차 공란.pdf	낱말이 적음	3		안 씀
18기	18기_베트남 단어시험 37회차 정답(수정).pdf	시험지·한글뜻	30	dọn nhà	일일 37
18기	18기_베트남 단어시험 37회차(수정).xlsx	시험지·한글뜻	20	dọn nhà	일일 37
18기	18기_베트남 단어시험 39회차.pdf	시험지·한글뜻	30	làng	일일 39
18기	18기_베트남 단어시험 39회차_공란.pdf	낱말이 적음	0		안 씀
18기	18기_베트남 단어시험 41회차_2025-03-06(공란).pdf	낱말이 적음	1		안 씀
18기	18기_베트남 단어시험 41회차_2025-03-06(정답).pdf	시험지·낱말만	31	Diểm tốt	일일 41
18기	18기_베트남 단어시험 41회차_2025-03-06.xlsx	시험지·한글뜻	20	Diểm tốt	일일 41
18기	18기_베트남 단어시험 47회차 공란.pdf	베트남어 아님	5		일일 0
18기	18기_베트남 단어시험 47회차 정답.pdf	시험지·한글뜻	32	ậ ủ ạ🎂	일일 47
18기	18기_베트남 단어시험 47회차_.xlsx	시험지·한글뜻	20	đón chào	일일 47
18기	18기_베트남 단어시험 49회차.pdf	시험지·한글뜻	30	gắn bó	일일 49
18기	18기_베트남 단어시험 49회차_공란.pdf	낱말이 적음	1		안 씀
18기	18기_베트남 단어시험 51회차_2025-03-25(공란).pdf	낱말이 적음	0		안 씀
18기	18기_베트남 단어시험 51회차_2025-03-25(정답).pdf	시험지·한글뜻	31	châu Âu	일일 51
18기	18기_베트남 단어시험 51회차_2025-03-25.xlsx	시험지·한글뜻	20	châu Âu	일일 51
18기	18기_베트남 단어시험 57회차 공란.pdf	낱말이 적음	0		안 씀
18기	18기_베트남 단어시험 57회차 정답.pdf	시험지·한글뜻	31	cháo	일일 57
18기	18기_베트남 단어시험 57회차.xlsx	시험지·한글뜻	20	cháo	일일 57
18기	18기_베트남 단어시험 59회차.pdf	시험지·한글뜻	30	áo phông	일일 59
18기	18기_베트남 단어시험 59회차_공란.pdf	낱말이 적음	0		안 씀
18기	18기_베트남 단어시험 5회차.pdf	시험지·낱말만	30	mùi	일일 5
18기	18기_베트남 단어시험 60회차_2025-04-14(공란).pdf	낱말이 적음	0		안 씀
18기	18기_베트남 단어시험 60회차_2025-04-14(정답).pdf	시험지·한글뜻	29	xuất hiện	일일 60
18기	18기_베트남 단어시험 60회차_2025-04-14.xlsx	시험지·한글뜻	20	xuất hiện	일일 60
18기	18기_베트남 단어시험 62회차_ - 공란.pdf	낱말이 적음	1		안 씀
18기	18기_베트남 단어시험 62회차_.pdf	시험지·한글뜻	31	chùa chiền	일일 62
18기	18기_베트남 단어시험 62회차_.xlsx	시험지·한글뜻	40	chùa chiền	일일 62
18기	18기_베트남 단어시험 66회차 공란.pdf	낱말이 적음	2		안 씀
18기	18기_베트남 단어시험 66회차 답안.pdf	시험지·한글뜻	31	cắm trại	일일 66
18기	18기_베트남 단어시험 66회차.xlsx	시험지·한글뜻	20	cắm trại	일일 66
18기	18기_베트남 단어시험 68회차.pdf	시험지·한글뜻	32	tình nguyện	일일 68
18기	18기_베트남 단어시험 68회차.xlsx	시험지·한글뜻	20	tình nguyện	일일 68
18기	18기_베트남 단어시험 68회차_공란.pdf	낱말이 적음	0		안 씀
18기	18기_베트남 단어시험 6회차 공란.pdf	낱말이 적음	0		안 씀
18기	18기_베트남 단어시험 6회차.pdf	시험지·한글뜻	30	cảnh sát	일일 6
18기	18기_베트남 단어시험 73회차 공란.pdf	낱말이 적음	0		안 씀
18기	18기_베트남 단어시험 73회차 답안.pdf	시험지·한글뜻	30	bất cứ đâu	일일 73
18기	18기_베트남 단어시험 73회차.xlsx	시험지·한글뜻	20	bất cứ đâu	일일 73
18기	18기_베트남 단어시험 74회차.pdf	시험지·한글뜻	31	trường hợp	일일 74
18기	18기_베트남 단어시험 74회차.xlsx	시험지·한글뜻	20	trường hợp	일일 74
18기	18기_베트남 단어시험 74회차_공란.pdf	낱말이 적음	1		안 씀
18기	18기_베트남 단어시험 79회차 공란.pdf	낱말이 적음	2		안 씀
18기	18기_베트남 단어시험 79회차 답안.pdf	시험지·한글뜻	32	rằng	일일 79
18기	18기_베트남 단어시험 79회차.xlsx	시험지·한글뜻	30	cho rằng	일일 79
18기	18기_베트남 단어시험 7회차 공란.pdf	낱말이 적음	4		안 씀
18기	18기_베트남 단어시험 7회차.pdf	시험지·한글뜻	31	Đây	일일 7
18기	18기_베트남 단어시험 81회차.pdf	시험지·한글뜻	30	bảo vệ	일일 81
18기	18기_베트남 단어시험 81회차.xlsx	시험지·한글뜻	30	ban bảo vệ	일일 81
18기	18기_베트남 단어시험 81회차_공란.pdf	낱말이 적음	0		안 씀
18기	18기_베트남 단어시험 85회차 공란.pdf	낱말이 적음	0		안 씀
18기	18기_베트남 단어시험 85회차 답안.pdf	시험지·한글뜻	21	ứng viên	일일 85
18기	18기_베트남 단어시험 85회차.xlsx	시험지·한글뜻	20	ứng viên	일일 85
18기	18기_베트남 단어시험 87회차.pdf	시험지·한글뜻	30	kiện máy	일일 87
18기	18기_베트남 단어시험 87회차.xlsx	시험지·한글뜻	20	linh kiện máy	일일 87
18기	18기_베트남 단어시험 87회차_공란.pdf	낱말이 적음	0		안 씀
18기	18기_베트남 단어시험 89회차.xlsx	시험지·한글뜻	30	biểu hiện	일일 89
18기	18기_베트남 단어시험 8회차 공란.pdf	시험지·영어뜻	32	tó	일일 0
18기	18기_베트남 단어시험 8회차.pdf	시험지·영어뜻	40	tó	일일 8
18기	18기_베트남 단어시험 90회차 공란.pdf	낱말이 적음	0		안 씀
18기	18기_베트남 단어시험 90회차 답안.pdf	시험지·한글뜻	30	bằng cách	일일 90
18기	18기_베트남 단어시험 90회차.xlsx	시험지·한글뜻	20	bằng cách ~	일일 90
18기	18기_베트남 단어시험 92회차.pdf	시험지·한글뜻	30	ý kiến tính tương 	일일 92
18기	18기_베트남 단어시험 92회차.xlsx	시험지·한글뜻	19	ý kiến mang tính t	일일 92
18기	18기_베트남 단어시험 92회차_공란.pdf	낱말이 적음	0		안 씀
18기	18기_베트남 단어시험 94회차.xlsx	시험지·한글뜻	30	người có tâm hồn ă	일일 94
18기	18기_베트남 단어시험 95회차.xlsx	시험지·한글뜻	89	10 ngàn cây (số)	일일 95
18기	18기_베트남 단어시험 97회차.pdf	시험지·한글뜻	31	xà phòng	일일 97
18기	18기_베트남 단어시험 97회차.xlsx	시험지·한글뜻	20	xà phòng	일일 97
18기	18기_베트남 단어시험 97회차_공란.pdf	낱말이 적음	1		안 씀
18기	18기_베트남 단어시험 99회차(답안).pdf	시험지·한글뜻	31	rủ	일일 99
18기	18기_베트남 단어시험 99회차(문제).pdf	낱말이 적음	1		안 씀
18기	18기_베트남 단어시험 99회차.xlsx	시험지·한글뜻	88	10 ngàn cây (số)	일일 99
18기	18기_베트남 단어시험 9회차 공란.pdf	베트남어 아님	22		안 씀
18기	18기_베트남 단어시험 9회차.pdf	시험지·영어뜻	40	who	일일 9
18기	18기_베트남 단어시험 9８회차.xlsx	시험지·한글뜻	30	chi phí cố định	일일 98
18기	18기＿베트남 단어시험 0619（답안）.pdf	모음집(회차 없음)·한글뜻	32	ghé thăm	일일 0
18기	18기＿베트남 단어시험 0619（문제）.pdf	낱말이 적음	4		안 씀
18기	202412시험지.xlsx	모음집(회차 없음)·한글뜻	20	cháo mổ áo phông	일일 2412
18기	20기 76회차 베트남어 단어시험.xlsx	시험지·한글뜻	30	làm hộ	일일 76
18기	240208(토)_아침 복습 단어_시험용_정답(랜덤O)_250208_082540.pdf	모음집(회차 없음)·한글뜻	20	Cô cuối cùng quả n	주간 208
18기	240208(토)_아침 복습 단어_학습용_문제(랜덤X).pdf	모음집(회차 없음)·영어뜻	20	màu đen quả nhiên 	일일 0
18기	240208(토)_아침 복습 단어_학습용_정답(랜덤X) (1).pdf	모음집(회차 없음)·한글뜻	20	màu đen quả nhiên 	주간 208
18기	240208(토)_아침 복습 단어_학습용_정답(랜덤X).pdf	모음집(회차 없음)·한글뜻	20	màu đen quả nhiên 	주간 208
18기	240208(토)_아침 복습 단어_학습용_정답(랜덤X).xlsx	모음집(회차 없음)·한글뜻	40	màu đen quả nhiên 	주간 208
18기	240208（토）＿아침 복습 단어＿시험용＿문제（랜덤O）＿250208＿082559.pdf	모음집(회차 없음)·영어뜻	20	Cô cuối cùng quả n	일일 0
18기	240208（토）＿아침 복습 단어＿시험용＿정답（랜덤O）＿250208＿082540.pdf	모음집(회차 없음)·한글뜻	20	Cô cuối cùng quả n	주간 208
18기	240412 시험.pdf	모음집(회차 없음)·한글뜻	27	cháo	일일 412
18기	240418(토)_아침 복습 단어(그대로).pdf	모음집(회차 없음)·한글뜻	21	xuất hiện không kh	주간 418
18기	250607(토)_아침 복습 단어_시험_공부용.pdf	모음집(회차 없음)·한글뜻	20	thánh kiện máy dám	주간 607
18기	250705(토)_아침 복습 단어_시험(답안).pdf	모음집(회차 없음)·한글뜻	22	bán dẫn điều trị l	주간 705
18기	2월 셋째주 단어시험.xlsx.pdf	베트남어 아님	20		안 씀
18기	45회 단어시험_03.13.xlsx	시험지·한글뜻	30	thiếu nhi	일일 45
18기	46회 단어시험.pdf	시험지·낱말만	30	nhóm	일일 46
18기	46회 단어시험.xlsx	시험지·한글뜻	30	nhóm	일일 46
18기	46회 단어시험_시험지.pdf	낱말이 적음	0		안 씀
18기	52회차_18기단어시험_베트남_250326.pdf	시험지·한글뜻	30	châu Âu	일일 52
18기	52회차_18기단어시험_베트남_250326.xlsx	시험지·한글뜻	30	châu Âu	일일 52
18기	53회차_18기단어시험_베트남_250327.pdf	시험지·한글뜻	31	người mẫu	일일 53
18기	53회차_18기단어시험_베트남_250327.xlsx	시험지·한글뜻	30	người mẫu	일일 53
18기	54회차 18기 단어시험 3월 30일 답안.pdf	시험지·낱말만	30	người già	일일 54
18기	54회차 18기 단어시험 문제.pdf	낱말이 적음	0		안 씀
18기	55회 단어시험_04.01.xlsx	시험지·한글뜻	33	Họng	일일 55
18기	56회 답안.pdf	시험지·한글뜻	30	hệ thống tế	일일 56
18기	56회 시험지.pdf	낱말이 적음	0		안 씀
18기	56회 시험지.xlsx	시험지·한글뜻	30	hệ thống y tế	일일 56
18기	61회차_18기단어시험_베트남.pdf	시험지·한글뜻	30	không khí	일일 61
18기	61회차_18기단어시험_베트남.xlsx	시험지·한글뜻	30	không khí	일일 61
18기	63회차 18기 단어시험 공란 va 정답.pdf	시험지·한글뜻	30	trận	일일 0
18기	63회차 18기 단어시험 엑셀.xlsx	시험지·한글뜻	30	trận	일일 63
18기	64회 단어시험_04.22.xlsx	시험지·한글뜻	40	Đánh bạc	일일 64
18기	65회차 답지.pdf	시험지·한글뜻	30	đầu lại	일일 65
18기	65회차 시험.pdf	낱말이 적음	0		안 씀
18기	65회차.xlsx	시험지·한글뜻	30	quay đầu lại	일일 65
18기	69회차_18기단어시험_베트남.xlsx	시험지·한글뜻	30	bí quyết	일일 69
18기	69회차_18기단어시험_베트남_공란,답안.pdf	시험지·한글뜻	30	bí quyết	일일 0
18기	70회차 18기 단어시험 공란.pdf	낱말이 적음	0		안 씀
18기	70회차 18기 단어시험 정답.pdf	시험지·한글뜻	30	lộn xộn	일일 70
18기	71회 단어시험_05.06.xlsx	시험지·한글뜻	30	Bí quyết	일일 71
18기	72회차 문제.pdf	낱말이 적음	0		안 씀
18기	72회차.xlsx	시험지·한글뜻	30	vai trò	일일 72
18기	84회 답안.pdf	시험지·한글뜻	19	lương thực	일일 84
18기	84회 시험.pdf	낱말이 적음	0		안 씀
18기	84회차.xlsx	시험지·한글뜻	20	lương thực	일일 84
18기	TalkFile_단어시험(공란)_18기_베트남_241218.pdf.pdf	낱말이 적음	0		안 씀
18기	단어 총합 정답지.xlsx	베트남어 아님	20		안 씀
18기	단어시험 77회차_2025.05.15.xlsx	시험지·한글뜻	30	hân hạnh	일일 77
18기	단어시험 78회차 답안.pdf	시험지·한글뜻	30	công thương mại	일일 78
18기	단어시험 78회차 문제.pdf	낱말이 적음	0		안 씀
18기	단어시험 78회차.xlsx	시험지·한글뜻	30	công ty thương mại	일일 78
18기	단어시험 82회차_2025.05.26.xlsx	시험지·한글뜻	30	hoà hợp	일일 82
18기	단어시험 83회차_2025.05.27 답안.pdf	시험지·한글뜻	30	rạp chiếu	일일 83
18기	단어시험 83회차_2025.05.27 문제.pdf	낱말이 적음	0		안 씀
18기	단어시험(공란)_18기_베트남_240108시험.pdf	베트남어 아님	18		안 씀
18기	단어시험(공란)_18기_베트남_250203시험.pdf	베트남어 아님	10		일일 0
18기	단어시험(공란)_18기_베트남_250219시험.pdf	낱말이 적음	0		안 씀
18기	단어시험_18기_베트남_240108시험.pdf	모음집(회차 없음)·영어뜻	31	ăn	일일 108
18기	단어시험_18기_베트남_241218.pdf	모음집(회차 없음)·낱말만	30	một	일일 1218
18기	단어시험_18기_베트남_250203시험.pdf	모음집(회차 없음)·낱말만	40	màu đen	일일 203
18기	단어시험_18기_베트남_250203시험.xlsx	모음집(회차 없음)·한글뜻	30	màu đen	일일 203
18기	단어시험_18기_베트남_250219시험.pdf	모음집(회차 없음)·한글뜻	30	dạo này	일일 219
18기	단어시험_18기_베트남_250219시험.xlsx	모음집(회차 없음)·한글뜻	30	dạo này	일일 219
18기	단어시험_18기_베트남_250310.pdf	모음집(회차 없음)·한글뜻	30	ngõ	일일 310
18기	단어시험_18기_베트남_250310.xlsx	모음집(회차 없음)·한글뜻	30	ngõ	일일 310
18기	답안_64회 단어시험_04.22.pdf	시험지·한글뜻	31	Đánh bạc	일일 64
18기	문제_64회 단어시험_04.22_.pdf	낱말이 적음	1		안 씀
18기	문제_베트남_55회 단어시험_04.01.pdf	낱말이 적음	0		안 씀
18기	베트남 단어시험 -14차-공란.pdf	베트남어 아님	7		일일 0
18기	베트남 단어시험 -14차-정답.pdf	시험지·영어뜻	30	đông	일일 14
18기	베트남 단어시험 13회차.pdf	시험지·영어뜻	48	Trên	일일 13
18기	베트남 단어시험 1회차 공란.pdf	낱말이 적음	0		안 씀
18기	베트남 단어시험 1회차.pdf	시험지·한글뜻	30	sân	일일 1
18기	베트남 단어시험 23회차.pdf	시험지·낱말만	36	quả nhiên	일일 23
18기	베트남 단어시험 26회차.xlsx	시험지·한글뜻	20	đi thẳng	일일 26
18기	베트남 단어시험 33회차.pdf	시험지·낱말만	39	mưa gió	일일 33
18기	베트남 단어시험 33회차.xlsx	시험지·낱말만	32	mưa gió	일일 33
18기	베트남 단어시험 36회차 (답안).pdf	시험지·낱말만	30	(lựa) chọn	일일 36
18기	베트남 단어시험 36회차 (시험지).pdf	낱말이 적음	0		안 씀
18기	베트남 단어시험 36회차.xlsx	시험지·한글뜻	20	(lựa) chọn	일일 36
18기	베트남 단어시험 3회차.pdf	시험지·영어뜻	42	khoẻ	일일 3
18기	베트남 단어시험 44회.pdf	시험지·한글뜻	30	ngủ	일일 44
18기	베트남 단어시험 44회차 공란.pdf	빈 시험지·낱말만	29	ngủ	일일 0
18기	베트남 단어시험 4회차 -공란-.pdf	베트남어 아님	7		일일 0
18기	베트남 단어시험 4회차.pdf	시험지·낱말만	37	ngưởi	일일 4
18기	베트남 단어시험 5회차 -공란-.pdf	베트남어 아님	7		일일 0
18기	베트남18기단어복습테스트_250315-1.xlsx	모음집(회차 없음)·한글뜻	20	nhóm đón chào lịch	주간 315
18기	베트남18기단어복습테스트_250315.pdf	모음집(회차 없음)·한글뜻	21	ngõ Chủ nhà ngủ th	주간 315
18기	베트남18기단어복습테스트_250315.xlsx	모음집(회차 없음)·한글뜻	20	ngõ Chủ nhà ngủ sa	주간 315
18기	베트남18기단어복습테스트_250329.xlsx	모음집(회차 없음)·한글뜻	20	người mẫu một số c	주간 329
18기	베트남_15차 단어시험.pdf	시험지·낱말만	32	Tièn mặt	일일 15
18기	베트남_16차 단어시험.pdf	시험지·영어뜻	41	biết	일일 16
18기	베트남_25회차 단어시험_25.02.06.xlsx	시험지·한글뜻	30	về hưu / nghỉ hưu	일일 25
18기	베트남_26차 단어시험.pdf	시험지·한글뜻	30	đi thẳng	일일 26
18기	베트남반 단어시험 2025-01-07(공란).pdf	낱말이 적음	0		안 씀
18기	베트남반 단어시험 2025-01-07(정답).pdf	모음집(회차 없음)·한글뜻	28	tay	일일 2025
18기	베트남어 토요단어시험 4월26일 답안지.pdf	모음집(회차 없음)·한글뜻	20	tất nhiên rồi Ý ch	주간 0
18기	베트남어 토요단어시험 4월26일 문제지.pdf	모음집(회차 없음)·영어뜻	21	tất nhiên rồi Ý ch	일일 0
18기	정답_베트남_55회 단어시험_04.01.pdf	시험지·한글뜻	31	Họng	일일 55
18기	토요단어시험 5월31 정답.pdf	모음집(회차 없음)·한글뜻	21	phù hợp hành chính	주간 0
18기	토요단어시험 문제지.pdf	모음집(회차 없음)·영어뜻	23	phù hợp hành chính	일일 0
18기	토요단어시험 함수양식.xlsx	모음집(회차 없음)·한글뜻	201	tất nhiên rồi Ý ch	주간 0
18기	토요단어시험_0405.pdf	모음집(회차 없음)·한글뜻	20	người già Họng hệ 	주간 0
18기	토요단어시험_0524.pdf	모음집(회차 없음)·한글뜻	40	công thương mại rằ	주간 0
19기 베트남어 단어 자료	19기 단어시험 100회차 베트남.xlsx	시험지·한글뜻	30	Tính toán	일일 100
19기 베트남어 단어 자료	19기 단어시험 101회차 베트남.xlsx	시험지·한글뜻	30	Đi làm	일일 101
19기 베트남어 단어 자료	19기 단어시험 102회차 베트남.xlsx	시험지·한글뜻	30	Phòng họp	일일 102
19기 베트남어 단어 자료	19기 단어시험 103회차 베트남.xlsx	시험지·한글뜻	37	hair	일일 103
19기 베트남어 단어 자료	19기 단어시험 104회차 베트남.xlsx	시험지·한글뜻	30	Đơn giản	일일 104
19기 베트남어 단어 자료	19기 단어시험 108회차.xlsx	시험지·한글뜻	60	to advertise	일일 108
19기 베트남어 단어 자료	19기 단어시험 109회차.xlsx	시험지·한글뜻	30	thể hiện	일일 109
19기 베트남어 단어 자료	19기 단어시험 10회차－베트남.xlsx	시험지·한글뜻	20	nhạt	일일 10
19기 베트남어 단어 자료	19기 단어시험 110회차.xlsx	시험지·한글뜻	30	giáo dục	일일 110
19기 베트남어 단어 자료	19기 단어시험 11회차.xlsx	시험지·영어뜻	40	to eat	일일 11
19기 베트남어 단어 자료	19기 단어시험 12회차.xlsx	시험지·영어뜻	40	to paint	일일 12
19기 베트남어 단어 자료	19기 단어시험 13회차 (1)-2.xlsx	시험지·한글뜻	20	năm	일일 13
19기 베트남어 단어 자료	19기 단어시험 14회차.xlsx	시험지·한글뜻	20	từ ~  đến ~	일일 14
19기 베트남어 단어 자료	19기 단어시험 15회차.xlsx	시험지·한글뜻	20	biết	일일 15
19기 베트남어 단어 자료	19기 단어시험 16회차(최종).xlsx	시험지·영어뜻	40	volley ball	일일 16
19기 베트남어 단어 자료	19기 단어시험 17회차-베트남 (1) (1).xlsx	시험지·낱말만	40	[classifier]musica	일일 17
19기 베트남어 단어 자료	19기 단어시험 18회차 (1).xlsx	시험지·영어뜻	40	To go	일일 18
19기 베트남어 단어 자료	19기 단어시험 19회차-베트남-1.xlsx	시험지·영어뜻	20	Ốm	일일 19
19기 베트남어 단어 자료	19기 단어시험 1회차-베트남.xlsx	시험지·한글뜻	20	khỏe	일일 1
19기 베트남어 단어 자료	19기 단어시험 20회차.xlsx	시험지·낱말만	40	(stronger negative	일일 20
19기 베트남어 단어 자료	19기 단어시험 21회차-베트남.xlsx	시험지·낱말만	49	relatives	일일 21
19기 베트남어 단어 자료	19기 단어시험 22회차-베트남.xlsx	시험지·영어뜻	40	ngã ba	일일 22
19기 베트남어 단어 자료	19기 단어시험 26회차.xlsx	시험지·낱말만	40	to return	일일 26
19기 베트남어 단어 자료	19기 단어시험 28회차.xlsx	시험지·영어뜻	40	midnight	일일 28
19기 베트남어 단어 자료	19기 단어시험 29회차 (1).xlsx	시험지·영어뜻	40	sunny	일일 29
19기 베트남어 단어 자료	19기 단어시험 2회차-베트남.xlsx	시험지·한글뜻	20	cảnh sát	일일 2
19기 베트남어 단어 자료	19기 단어시험 31회차－1.xlsx	시험지·낱말만	39	sit	일일 31
19기 베트남어 단어 자료	19기 단어시험 32회차-1.xlsx	시험지·낱말만	49	East	일일 32
19기 베트남어 단어 자료	19기 단어시험 33회차-베트남.xlsx	시험지·영어뜻	40	society	일일 33
19기 베트남어 단어 자료	19기 단어시험 34회차-베트남(2).xlsx	시험지·영어뜻	40	procedure	일일 34
19기 베트남어 단어 자료	19기 단어시험 35회차－베트남.xlsx	시험지·낱말만	40	purpose	일일 35
19기 베트남어 단어 자료	19기 단어시험 36회차-베트남.xlsx	시험지·한글뜻	26	elevator	일일 36
19기 베트남어 단어 자료	19기 단어시험 37회차-베트남.xlsx	시험지·낱말만	31	bowl	일일 37
19기 베트남어 단어 자료	19기 단어시험 39회차－베트남.xlsx	시험지·한글뜻	20	chỗ trống	일일 39
19기 베트남어 단어 자료	19기 단어시험 3회차-베트남.xlsx	시험지·한글뜻	20	bảng	일일 3
19기 베트남어 단어 자료	19기 단어시험 40회차.xlsx	시험지·한글뜻	40	sửa / chữa	일일 40
19기 베트남어 단어 자료	19기 단어시험 41회차.xlsx	시험지·한글뜻	20	mặt hàng	일일 41
19기 베트남어 단어 자료	19기 단어시험 42회차-4.xlsx	시험지·한글뜻	20	lượng	일일 42
19기 베트남어 단어 자료	19기 단어시험 43회차.xlsx	시험지·한글뜻	22	Chúng ta luôn cố l	일일 43
19기 베트남어 단어 자료	19기 단어시험 44회차.xlsx	시험지·한글뜻	20	chẵn	일일 44
19기 베트남어 단어 자료	19기 단어시험 46회차.xlsx	시험지·한글뜻	22	Chúc mọi người một	일일 46
19기 베트남어 단어 자료	19기 단어시험 47회차.xlsx	시험지·한글뜻	40	phó từ	일일 47
19기 베트남어 단어 자료	19기 단어시험 49회차-베트남.xlsx	시험지·한글뜻	20	cơ hội	일일 49
19기 베트남어 단어 자료	19기 단어시험 4회차-베트남.pdf	시험지·한글뜻	31	cơm	일일 4
19기 베트남어 단어 자료	19기 단어시험 50회차－베트남.xlsx	시험지·한글뜻	20	dịu dàng	일일 50
19기 베트남어 단어 자료	19기 단어시험 51회차-베트남.xlsx	시험지·낱말만	27	hair	일일 51
19기 베트남어 단어 자료	19기 단어시험 55회차.xlsx	시험지·한글뜻	30	ngặt mũi	일일 55
19기 베트남어 단어 자료	19기 단어시험 56회차 베트남.xlsx	시험지·한글뜻	30	bảo hiểm y tế	일일 56
19기 베트남어 단어 자료	19기 단어시험 57회차 베트남.xlsx	시험지·한글뜻	30	thăm hỏi	일일 57
19기 베트남어 단어 자료	19기 단어시험 59회차 베트남.xlsx	시험지·한글뜻	33	facilites	일일 59
19기 베트남어 단어 자료	19기 단어시험 5회차-베트남(수정,확인완료).xlsx	시험지·한글뜻	20	Hàn Quốc	일일 5
19기 베트남어 단어 자료	19기 단어시험 60회차 베트남.xlsx	시험지·한글뜻	30	thời trang	일일 60
19기 베트남어 단어 자료	19기 단어시험 61회차 베트남.xlsx	시험지·한글뜻	30	sính hàng ngoại	일일 61
19기 베트남어 단어 자료	19기 단어시험 62회차 베트남.xlsx	시험지·한글뜻	31	hành trình	일일 62
19기 베트남어 단어 자료	19기 단어시험 63회차 베트남-1.xlsx	시험지·한글뜻	31	không khí	일일 63
19기 베트남어 단어 자료	19기 단어시험 64회차 베트남.xlsx	시험지·한글뜻	31	kiệt sức	일일 64
19기 베트남어 단어 자료	19기 단어시험 65회차 베트남-3.xlsx	시험지·한글뜻	31	Khiêu vũ	일일 65
19기 베트남어 단어 자료	19기 단어시험 66회차 베트남.xlsx	시험지·한글뜻	31	rủ	일일 66
19기 베트남어 단어 자료	19기 단어시험 67회차 베트남.xlsx	시험지·한글뜻	31	thủ đô	일일 67
19기 베트남어 단어 자료	19기 단어시험 68회차 베트남.xlsx	시험지·한글뜻	31	Đã ... lại …	일일 68
19기 베트남어 단어 자료	19기 단어시험 69회차.xlsx	시험지·한글뜻	30	thượng đế	일일 69
19기 베트남어 단어 자료	19기 단어시험 6회차-베트남.xlsx	시험지·한글뜻	20	quả nho	일일 6
19기 베트남어 단어 자료	19기 단어시험 70회차 베트남-1.xlsx	시험지·한글뜻	30	chợ đầu mối	일일 70
19기 베트남어 단어 자료	19기 단어시험 71회차 베트남.xlsx	시험지·한글뜻	30	trung ương	일일 71
19기 베트남어 단어 자료	19기 단어시험 73회차 베트남.xlsx	시험지·한글뜻	30	tàm tạm	일일 73
19기 베트남어 단어 자료	19기 단어시험 74회차 베트남.xlsx	시험지·한글뜻	30	vai trò	일일 74
19기 베트남어 단어 자료	19기 단어시험 75회차 베트남.xlsx	시험지·한글뜻	31	thức khuya	일일 75
19기 베트남어 단어 자료	19기 단어시험 76회차 베트남.xlsx	시험지·한글뜻	31	cá nhân hóa	일일 76
19기 베트남어 단어 자료	19기 단어시험 78회차_베트남어.xlsx	시험지·한글뜻	30	bản sắc	일일 78
19기 베트남어 단어 자료	19기 단어시험 79회차 베트남.xlsx	시험지·한글뜻	31	thủ đô	일일 79
19기 베트남어 단어 자료	19기 단어시험 7회차-베트남.xlsx	시험지·한글뜻	20	đắt	일일 7
19기 베트남어 단어 자료	19기 단어시험 80회차 베트남 수정본.xlsx	시험지·한글뜻	30	điện tử	일일 80
19기 베트남어 단어 자료	19기 단어시험 81회차 베트남 - 수정본.xlsx	시험지·한글뜻	30	thương mại	일일 81
19기 베트남어 단어 자료	19기 단어시험 82회차 베트남.xlsx	시험지·한글뜻	30	khai giảng	일일 82
19기 베트남어 단어 자료	19기 단어시험 84회차 베트남.xlsx	시험지·한글뜻	30	đơn giản	일일 84
19기 베트남어 단어 자료	19기 단어시험 85회차 베트남.xlsx	시험지·한글뜻	31	tránh	일일 85
19기 베트남어 단어 자료	19기 단어시험 86회차 베트남.xlsx	시험지·한글뜻	31	Hiền lành	일일 86
19기 베트남어 단어 자료	19기 단어시험 87회차_베트남어.xlsx	시험지·한글뜻	30	chế độ	일일 87
19기 베트남어 단어 자료	19기 단어시험 88회차 베트남-1.xlsx	시험지·한글뜻	30	bãi biển	일일 88
19기 베트남어 단어 자료	19기 단어시험 89회차 베트남.xlsx	시험지·한글뜻	30	thảo luận	일일 89
19기 베트남어 단어 자료	19기 단어시험 8회차-베트남.xlsx	시험지·한글뜻	20	già	일일 8
19기 베트남어 단어 자료	19기 단어시험 90회차 베트남.xlsx	시험지·한글뜻	30	Đơn giản	일일 90
19기 베트남어 단어 자료	19기 단어시험 92회차_베트남.xlsx	시험지·한글뜻	30	quảng cáo	일일 92
19기 베트남어 단어 자료	19기 단어시험 93회차 베트남.xlsx	시험지·한글뜻	31	bên đối tác	일일 93
19기 베트남어 단어 자료	19기 단어시험 94회차_베트남.xlsx	시험지·한글뜻	63	to advertise	일일 94
19기 베트남어 단어 자료	19기 단어시험 95회차_베트남.xlsx	시험지·한글뜻	60	to advertise	일일 95
19기 베트남어 단어 자료	19기 단어시험 96회차_베트남.xlsx	시험지·한글뜻	60	to advertise	일일 96
19기 베트남어 단어 자료	19기 단어시험 97회차 베트남.xlsx	시험지·한글뜻	30	Bảng cân đối kế to	일일 97
19기 베트남어 단어 자료	19기 단어시험 98회차 베트남.xlsx	시험지·한글뜻	30	Tiền	일일 98
19기 베트남어 단어 자료	19기 단어시험 99회차 베트남.xlsx	시험지·한글뜻	30	Tài sản	일일 99
19기 베트남어 단어 자료	19기 단어시험 9회차-베트남.xlsx	시험지·한글뜻	20	tốt	일일 9
19기 베트남어 단어 자료	19기 단어시험24회차－베트남.xlsx	시험지·영어뜻	40	humid	일일 24
19기 베트남어 단어 자료	19기 단어시험25회차－베트남.xlsx	시험지·영어뜻	20	thời gian	일일 25
19기 베트남어 단어 자료	19기 단어시험27회차－베트남.xlsx	시험지·영어뜻	40	Monday	일일 27
19기 베트남어 단어 자료	19기 단어시험38회차-베트남.xlsx	시험지·한글뜻	40	Rolled pho	일일 38
19기 베트남어 단어 자료	19기 단어시험53회차－베트남.xlsx	시험지·한글뜻	40	tiêu chuẩn	일일 53
19기 베트남어 단어 자료	19기 단어시험54회차－베트남.xlsx	시험지·한글뜻	20	địa phương	일일 54
19기 베트남어 단어 자료	250712 3차 주간단어.xlsx	시험지·한글뜻	241	to paint	주간 3
19기 베트남어 단어 자료	BAI 1 (1).mp3	소리	0		안 씀
19기 베트남어 단어 자료	BAI 1. 발음.mp3	소리	0		안 씀
19기 베트남어 단어 자료	BAI 1.mp3	소리	0		안 씀
19기 베트남어 단어 자료	BAI 2. 발음.mp3	소리	0		안 씀
19기 베트남어 단어 자료	BAI 2.mp3	소리	0		안 씀
19기 베트남어 단어 자료	BAI 3. 발음.mp3	소리	0		안 씀
19기 베트남어 단어 자료	BAI 3.mp3	소리	0		안 씀
19기 베트남어 단어 자료	BAI 4. 발음.mp3	소리	0		안 씀
19기 베트남어 단어 자료	BAI 4.mp3	소리	0		안 씀
19기 베트남어 단어 자료	BAI 5. 발음.mp3	소리	0		안 씀
19기 베트남어 단어 자료	BAI 5.mp3	소리	0		안 씀
19기 베트남어 단어 자료	BAI 6.mp3	소리	0		안 씀
19기 베트남어 단어 자료	BAI 7.mp3	소리	0		안 씀
19기 베트남어 단어 자료	BAI 8.mp3	소리	0		안 씀
19기 베트남어 단어 자료	NVH＿TVNC＿Q1＿Bai1－6.zip	그 밖	0		안 씀
19기 베트남어 단어 자료	NVH＿TVNC＿Q1＿Bai7－10.zip	그 밖	0		안 씀
19기 베트남어 단어 자료	TalkFile_19기 단어시험 58회차 베트남.xlsx (2).xlsx	시험지·한글뜻	30	thể hiện	일일 58
19기 베트남어 단어 자료	TalkFile_19기 단어시험 72회차 베트남.xlsx.xlsx	시험지·한글뜻	30	giáo dục	일일 72
19기 베트남어 단어 자료	TalkFile_19기 단어시험23회차-베트남.xlsx.xlsx	시험지·영어뜻	40	to send	일일 23
19기 베트남어 단어 자료	Tieng Viet co so 2（1－6）.zip	그 밖	0		안 씀
19기 베트남어 단어 자료	Tieng Viet co so 2（7－12）.zip	그 밖	0		안 씀
19기 베트남어 단어 자료	Tiếng Việt CS － Q2.pdf	모음집(회차 없음)·영어뜻	10	Rồi. Tôi đến (nhiề	일일 0
19기 베트남어 단어 자료	Tiếng Việt CS － Q3＿－압축됨.pdf	스캔 그림(글자층 없음)	0		안 씀
19기 베트남어 단어 자료	Tiếng Việt CS － Q4＿compressed.pdf	스캔 그림(글자층 없음)	0		안 씀
19기 베트남어 단어 자료	Tiếng việt 4（1－6）.zip	그 밖	0		안 씀
19기 베트남어 단어 자료	Tiếng việt 4（7－12）.zip	그 밖	0		안 씀
19기 베트남어 단어 자료	토요시험단어 1회차 250627.xlsx	시험지·한글뜻	241	thầy nhà báo luôn 	주간 1
19기 베트남어 단어 자료	토요시험단어 2회차 250705.xlsx	시험지·한글뜻	241	Trứng ốp la dở	주간 2
19기 베트남어 단어 자료	토요시험단어 자체제작.xlsx	모음집(회차 없음)·한글뜻	222	hard disk	주간 0
20기 베트남어 단어 자료	10주차 단어 테스트(kiểm tra).docx	낱말이 적음	0		안 씀
20기 베트남어 단어 자료	10주차 단어 테스트(đáp án).docx	모음집(회차 없음)·한글뜻	25	thủ tục biên giới 	주간 0
20기 베트남어 단어 자료	10주차 단어시험.xlsx	모음집(회차 없음)·한글뜻	30	thiết kế	주간 0
20기 베트남어 단어 자료	11주차 단어 테스트(kiểm tra).docx	낱말이 적음	0		안 씀
20기 베트남어 단어 자료	11주차 단어 테스트(đáp án).docx	모음집(회차 없음)·한글뜻	25	chính hiệu hợp khẩ	주간 0
20기 베트남어 단어 자료	12주차 단어 테스트(kiểm tra).docx	교재·설명글	0		안 씀
20기 베트남어 단어 자료	12주차 단어 테스트(đáp án).docx	모음집(회차 없음)·한글뜻	25	săm ngõ chuyên ban	주간 0
20기 베트남어 단어 자료	13주차 단어 테스트(kiểm tra).docx	낱말이 적음	0		안 씀
20기 베트남어 단어 자료	13주차 단어 테스트(đáp án).docx	모음집(회차 없음)·한글뜻	25	hồ bơi phí môi giớ	주간 0
20기 베트남어 단어 자료	14주차 단어 테스트(kiểm tra).docx	낱말이 적음	0		안 씀
20기 베트남어 단어 자료	14주차 단어 테스트(đáp án).docx	모음집(회차 없음)·한글뜻	25	trường mẫu giáo ho	주간 0
20기 베트남어 단어 자료	15주차 단어 테스트(kiểm tra).docx	낱말이 적음	0		안 씀
20기 베트남어 단어 자료	15주차 단어 테스트(đáp án).docx	모음집(회차 없음)·한글뜻	25	dong dỏng để ý tin	주간 0
20기 베트남어 단어 자료	16회차 단어 테스트(kiểm tra).docx	낱말이 적음	0		안 씀
20기 베트남어 단어 자료	16회차 단어 테스트(đáp án).docx	시험지·한글뜻	25	đầu chẩn đoán hàng	일일 16
20기 베트남어 단어 자료	17회차 단어 테스트(kiểm tra).docx	낱말이 적음	0		안 씀
20기 베트남어 단어 자료	17회차 단어 테스트(đáp án).docx	시험지·한글뜻	25	sốt ruột áo khoác 	일일 17
20기 베트남어 단어 자료	18회차 단어 테스트(kiểm tra).docx	교재·설명글	0		안 씀
20기 베트남어 단어 자료	18회차 단어 테스트(đáp án).docx	시험지·한글뜻	25	khiêu vũ đề bạt sâ	일일 18
20기 베트남어 단어 자료	19회차 단어 테스트(kiểm tra).docx	교재·설명글	0		안 씀
20기 베트남어 단어 자료	19회차 단어 테스트(đáp án).docx	시험지·한글뜻	24	lời khuyên bóng bầ	일일 19
20기 베트남어 단어 자료	1주차 단어 테스트(kiểm tra).docx	낱말이 적음	0		안 씀
20기 베트남어 단어 자료	1주차 단어 테스트(đáp án).docx	모음집(회차 없음)·한글뜻	29	hơi dễ sâu	주간 0
20기 베트남어 단어 자료	20기 ( 5 )회차 단어시험.xlsx	모음집(회차 없음)·한글뜻	30	vị trí	일일 0
20기 베트남어 단어 자료	20기 (6)회차 단어시험.xlsx	모음집(회차 없음)·한글뜻	30	ném	일일 0
20기 베트남어 단어 자료	20기 11회차 단어시험.xlsx	시험지·한글뜻	30	báo cáo	일일 11
20기 베트남어 단어 자료	20기 12회차 단어시험.xlsx	시험지·한글뜻	30	mỗi	일일 12
20기 베트남어 단어 자료	20기 13회차 단어시험.pdf	시험지·영어뜻	30	định	일일 13
20기 베트남어 단어 자료	20기 13회차 단어시험.xlsx	시험지·한글뜻	30	định	일일 13
20기 베트남어 단어 자료	20기 14회차 단어시험.xlsx	시험지·한글뜻	30	bán	일일 14
20기 베트남어 단어 자료	20기 15회차 단어시험.xlsx	시험지·한글뜻	30	đen	일일 15
20기 베트남어 단어 자료	20기 16회차 단어시험.xlsx	시험지·한글뜻	30	nghiên cứu	일일 16
20기 베트남어 단어 자료	20기 17회차 단어시험.xlsx	시험지·한글뜻	30	chăm chỉ	일일 17
20기 베트남어 단어 자료	20기 18회차 단어시험.xlsx	시험지·한글뜻	30	kẹo	일일 18
20기 베트남어 단어 자료	20기 19회차 단어시험.xlsx	시험지·한글뜻	30	thể thao	일일 19
20기 베트남어 단어 자료	20기 20회차 단어시험.xlsx	시험지·한글뜻	30	thạo	일일 20
20기 베트남어 단어 자료	20기 21회차 단어시험.xlsx	시험지·한글뜻	30	vợ	일일 21
20기 베트남어 단어 자료	20기 22회차 단어시험.xlsx	시험지·한글뜻	30	ông	일일 22
20기 베트남어 단어 자료	20기 23회차 단어시험.xlsx	시험지·한글뜻	30	đầu tư (vào)	일일 23
20기 베트남어 단어 자료	20기 24회차 단어시험.xlsx	시험지·한글뜻	30	khí hậu	일일 24
20기 베트남어 단어 자료	20기 25회차 단어시험.xlsx	시험지·한글뜻	30	mắt híp	일일 25
20기 베트남어 단어 자료	20기 26회차 단어시험.pdf	시험지·한글뜻	50	(T-shirts)	일일 26
20기 베트남어 단어 자료	20기 26회차 단어시험.xlsx	시험지·한글뜻	30	áo phông	일일 26
20기 베트남어 단어 자료	20기 27회차 단어시험.xlsx	시험지·한글뜻	30	bằng	일일 27
20기 베트남어 단어 자료	20기 28회차 단어시험.xlsx	시험지·한글뜻	30	xe khách	일일 28
20기 베트남어 단어 자료	20기 29회차 단어시험.pdf	시험지·한글뜻	50	(distance)	일일 29
20기 베트남어 단어 자료	20기 29회차 단어시험.xlsx	시험지·한글뜻	30	khoảng cách	일일 29
20기 베트남어 단어 자료	20기 2회차 단어시험.pdf	베트남어 아님	29		안 씀
20기 베트남어 단어 자료	20기 30회차 단어시험.xlsx	시험지·한글뜻	30	cổ truyền	일일 30
20기 베트남어 단어 자료	20기 31회차 단어시험.xlsx	시험지·한글뜻	30	thỉnh thoảng	일일 31
20기 베트남어 단어 자료	20기 32회차 단어시험.xlsx	시험지·한글뜻	30	sơn mài	일일 32
20기 베트남어 단어 자료	20기 33회차 단어시험.xlsx	시험지·한글뜻	30	miền Bắc	일일 33
20기 베트남어 단어 자료	20기 34회차 단어시험.xlsx	시험지·한글뜻	30	ngắm	일일 34
20기 베트남어 단어 자료	20기 35회차 단어시험.xlsx	시험지·한글뜻	30	đặt	일일 35
20기 베트남어 단어 자료	20기 36회차 단어시험.xlsx	시험지·한글뜻	30	lời khuyên	일일 36
20기 베트남어 단어 자료	20기 37회차 단어시험.xlsx	시험지·한글뜻	30	nhập ngũ	일일 37
20기 베트남어 단어 자료	20기 38회차 단어시험.pdf	베트남어 아님	23		안 씀
20기 베트남어 단어 자료	20기 38회차 단어시험.xlsx	시험지·한글뜻	30	gọi điện	일일 38
20기 베트남어 단어 자료	20기 39회차 단어시험 베트남.xlsx	시험지·한글뜻	30	sứ quán	일일 39
20기 베트남어 단어 자료	20기 3회차 단어 시험.xlsx	시험지·한글뜻	30	danh từ	일일 3
20기 베트남어 단어 자료	20기 40회차 단어시험.xlsx	시험지·한글뜻	60	anh	일일 40
20기 베트남어 단어 자료	20기 41회차 단어시험.xlsx	시험지·한글뜻	60	nhờ	일일 41
20기 베트남어 단어 자료	20기 42회차 단어시험.xlsx	시험지·한글뜻	30	thủ tục	일일 42
20기 베트남어 단어 자료	20기 43회차 단어시험.xlsx	시험지·한글뜻	30	biên giới	일일 43
20기 베트남어 단어 자료	20기 44회차 단어시험.xlsx	시험지·한글뜻	30	Có rồi	일일 44
20기 베트남어 단어 자료	20기 45회차 단어시험.xlsx	시험지·한글뜻	30	ảnh thẻ	일일 45
20기 베트남어 단어 자료	20기 46회차 단어시험.xlsx	시험지·한글뜻	30	phòng đơn	일일 46
20기 베트남어 단어 자료	20기 47회차 단어시험.xlsx	시험지·한글뜻	30	chính hiệu	일일 47
20기 베트남어 단어 자료	20기 48회차 단어시험 베트남.xlsx	시험지·한글뜻	30	hợp khẩu vị	일일 48
20기 베트남어 단어 자료	20기 49회차 단어.xlsx	시험지·한글뜻	30	chỉ cần	일일 49
20기 베트남어 단어 자료	20기 4회차 단어 시험.xlsx	시험지·한글뜻	30	kilôgam	일일 4
20기 베트남어 단어 자료	20기 50회차 단어.xlsx	시험지·한글뜻	30	cửa hàng miễn thuế	일일 50
20기 베트남어 단어 자료	20기 51회차 단어.xlsx	시험지·한글뜻	30	săm	일일 51
20기 베트남어 단어 자료	20기 52회차 단어시험.xlsx	시험지·한글뜻	30	ngõ	일일 52
20기 베트남어 단어 자료	20기 53회차 단어.xlsx	시험지·한글뜻	30	chuyên	일일 53
20기 베트남어 단어 자료	20기 54회차 단어시험.xlsx	시험지·한글뜻	30	ban công	일일 54
20기 베트남어 단어 자료	20기 55회차 단어시험.xlsx	시험지·한글뜻	30	thị trường	일일 55
20기 베트남어 단어 자료	20기 56회차 단어시험.xlsx	시험지·한글뜻	30	hồ bơi	일일 56
20기 베트남어 단어 자료	20기 57회차 단어시험 베트남.xlsx	시험지·한글뜻	30	lò vi sóng	일일 57
20기 베트남어 단어 자료	20기 58회차 단어.xlsx	시험지·한글뜻	30	giải pháp	일일 58
20기 베트남어 단어 자료	20기 59회차 단어시험 베트남.xlsx	시험지·한글뜻	30	làm hộ	일일 59
20기 베트남어 단어 자료	20기 60회차 단어.xlsx	시험지·한글뜻	30	trục trặc	일일 60
20기 베트남어 단어 자료	20기 61회차 단어시험.xlsx	시험지·한글뜻	30	trường mẫu giáo	일일 61
20기 베트남어 단어 자료	20기 62회차 단어시험 (1).xlsx	시험지·한글뜻	30	tổ tiên	일일 62
20기 베트남어 단어 자료	20기 62회차 단어시험.pdf	시험지·한글뜻	35	tổ tiên	일일 62
20기 베트남어 단어 자료	20기 62회차 단어시험.xlsx	시험지·한글뜻	30	tổ tiên	일일 62
20기 베트남어 단어 자료	20기 64회차 단어시험.xlsx	시험지·한글뜻	30	nghiện rượu	일일 64
20기 베트남어 단어 자료	20기 68회차 단어시험 베트남.xlsx	시험지·한글뜻	30	dong dỏng	일일 68
20기 베트남어 단어 자료	20기 69회차 단어시험.pdf	시험지·한글뜻	30	Nhân tiện	일일 69
20기 베트남어 단어 자료	20기 69회차 단어시험.xlsx	시험지·한글뜻	30	Nhân tiện	일일 69
20기 베트남어 단어 자료	20기 70회차 단어시험.xlsx	시험지·한글뜻	30	hiếu khách	일일 70
20기 베트남어 단어 자료	20기 71회차 단어시험.pdf	낱말이 적음	0		안 씀
20기 베트남어 단어 자료	20기 71회차 단어시험.xlsx	시험지·한글뜻	30	tiếp khách	일일 71
20기 베트남어 단어 자료	20기 72회차 단어시험.xlsx	시험지·한글뜻	30	nhân tiện	일일 72
20기 베트남어 단어 자료	20기 73회차 단어시험.xlsx	시험지·한글뜻	30	đầu	일일 73
20기 베트남어 단어 자료	20기 74회차 단어시험.xlsx	시험지·한글뜻	30	chẩn đoán	일일 74
20기 베트남어 단어 자료	20기 75회차 단어시험.xlsx	시험지·한글뜻	30	hi sinh	일일 75
20기 베트남어 단어 자료	20기 77회차 단어시험.pdf	시험지·한글뜻	33	sốt ruột	일일 77
20기 베트남어 단어 자료	20기 77회차 단어시험.xlsx	시험지·한글뜻	30	sốt ruột	일일 77
20기 베트남어 단어 자료	20기 78회차 단어시험.xlsx	시험지·한글뜻	30	áo khoác	일일 78
20기 베트남어 단어 자료	20기 79회차 단어시험.pdf	시험지·영어뜻	30	giá trị	일일 79
20기 베트남어 단어 자료	20기 79회차 단어시험.xlsx	시험지·한글뜻	30	giá trị	일일 79
20기 베트남어 단어 자료	20기 7회차 단어시험.xlsx	시험지·한글뜻	60	tên	일일 7
20기 베트남어 단어 자료	20기 80회차 단어시험.pdf	시험지·영어뜻	30	vịnh	일일 80
20기 베트남어 단어 자료	20기 80회차 단어시험.xlsx	시험지·한글뜻	31	vịnh	일일 80
20기 베트남어 단어 자료	20기 81회차 단어시험 베트남.xlsx	시험지·한글뜻	30	chính xác	일일 81
20기 베트남어 단어 자료	20기 82회차 단어시험 베트남.xlsx	시험지·한글뜻	30	thùng	일일 82
20기 베트남어 단어 자료	20기 83회차 단어시험.xlsx	시험지·한글뜻	30	khiêu vũ	일일 83
20기 베트남어 단어 자료	20기 84회차 단어시험.xlsx	시험지·한글뜻	33	chùa	일일 84
20기 베트남어 단어 자료	20기 85회차 단어시험.xlsx	시험지·한글뜻	33	nhà hát	일일 85
20기 베트남어 단어 자료	20기 87회차 단어시험.xlsx	시험지·한글뜻	30	trốn học	일일 87
20기 베트남어 단어 자료	20기 88회차 단어시험 베트남.xlsx	시험지·한글뜻	30	sứ quán	일일 88
20기 베트남어 단어 자료	20기 89회차 단어시험.pdf	시험지·영어뜻	32	nhất định	일일 89
20기 베트남어 단어 자료	20기 89회차 단어시험.xlsx	시험지·한글뜻	30	nhất định	일일 89
20기 베트남어 단어 자료	20기 90회차 단어시험.xlsx	시험지·한글뜻	31	từ vựng	일일 90
20기 베트남어 단어 자료	20기 91회차 단어시험.pdf	시험지·영어뜻	31	biển báo tròn	일일 91
20기 베트남어 단어 자료	20기 91회차 단어시험.xlsx	시험지·한글뜻	30	biển báo tròn	일일 91
20기 베트남어 단어 자료	20기 93회차 단어시험 베트남.pdf	시험지·한글뜻	49	(honest,	일일 93
20기 베트남어 단어 자료	20기 93회차 단어시험 베트남.xlsx	시험지·한글뜻	30	thật thà	일일 93
20기 베트남어 단어 자료	20기 94회차 단어시험.pdf	시험지·영어뜻	30	không	일일 94
20기 베트남어 단어 자료	20기 94회차 단어시험.xlsx	시험지·한글뜻	30	không gian	일일 94
20기 베트남어 단어 자료	20기 95회차 단어시험.xlsx	시험지·한글뜻	30	nghiện rượu	일일 95
20기 베트남어 단어 자료	20기 96회차 단어시험.xlsx	시험지·한글뜻	30	di tích	일일 96
20기 베트남어 단어 자료	20기 단어시험 1회차 베트남.xlsx	시험지·한글뜻	30	hơi	일일 1
20기 베트남어 단어 자료	20회차 단어 테스트(kiểm tra).docx	교재·설명글	0		안 씀
20기 베트남어 단어 자료	20회차 단어 테스트(đáp án).docx	시험지·한글뜻	25	biển báo tròn thườ	일일 20
20기 베트남어 단어 자료	2주차 단어 테스트(kiểm tra).docx	낱말이 적음	0		안 씀
20기 베트남어 단어 자료	2주차 단어 테스트(đáp án).docx	모음집(회차 없음)·한글뜻	25	kilôgam vị trí ném	주간 0
20기 베트남어 단어 자료	3주차 단어 테스트(kiểm tra).docx	낱말이 적음	0		안 씀
20기 베트남어 단어 자료	3주차 단어 테스트(đáp án).docx	모음집(회차 없음)·한글뜻	24	địa chỉ biết thiết	주간 0
20기 베트남어 단어 자료	4권 베트남어 교재_단어.xlsx	모음집(회차 없음)·한글뜻	1148	Ai Cập	일일 0
20기 베트남어 단어 자료	4주차 단어 테스트(kiểm tra).docx	낱말이 적음	0		안 씀
20기 베트남어 단어 자료	4주차 단어 테스트(đáp án).docx	모음집(회차 없음)·한글뜻	25	buổi học định bán 	주간 0
20기 베트남어 단어 자료	5주차 단어 테스트(kiểm tra).docx	낱말이 적음	0		안 씀
20기 베트남어 단어 자료	5주차 단어 테스트(đáp án).docx	모음집(회차 없음)·한글뜻	25	nghiên cứu bảo hàn	주간 0
20기 베트남어 단어 자료	6주차 단어 테스트(kiểm tra).docx	낱말이 적음	0		안 씀
20기 베트남어 단어 자료	6주차 단어 테스트(đáp án).docx	모음집(회차 없음)·한글뜻	25	cháu nội ông đầu t	주간 0
20기 베트남어 단어 자료	7주차 단어 테스트(kiểm tra).docx	낱말이 적음	0		안 씀
20기 베트남어 단어 자료	7주차 단어 테스트(đáp án).docx	모음집(회차 없음)·한글뜻	25	mắt híp lịch sự nh	주간 0
20기 베트남어 단어 자료	8주차 단어 테스트(kiểm tra).docx	낱말이 적음	0		안 씀
20기 베트남어 단어 자료	8주차 단어 테스트(đáp án).docx	모음집(회차 없음)·한글뜻	25	cổ truyền dự tờ lị	주간 0
20기 베트남어 단어 자료	8주차 단어시험.xlsx	모음집(회차 없음)·한글뜻	150	kilôgam	주간 0
20기 베트남어 단어 자료	9주차 단어시험.xlsx	모음집(회차 없음)·한글뜻	30	biết	주간 0
(바로 아래)	[22기 3주차 화요일] 선후배간 Q&A ①베트남어 학습 노하우 _ 네이버 카페.pdf	베트남어 아님	22		안 씀
(바로 아래)	봉제용어.xls	못 읽음(InvalidFileException)	0		안 씀
(바로 아래)	생산관리 카톡방 단어 정리.xlsx	모음집(회차 없음)·한글뜻	262	vết	안 씀